[{"Country":"Canada","Region":"Alberta","Municipality":"Airdrie"},{"Country":"Canada","Region":"Alberta","Municipality":"Calgary"},{"Country":"Canada","Region":"Alberta","Municipality":"Edmonton"},{"Country":"Canada","Region":"Alberta","Municipality":"Grande Prairie"},{"Country":"Canada","Region":"Alberta","Municipality":"Lethbridge"},{"Country":"Canada","Region":"Alberta","Municipality":"Medicine Hat"},{"Country":"Canada","Region":"Alberta","Municipality":"Red Deer"},{"Country":"Canada","Region":"Alberta","Municipality":"St. Albert"},{"Country":"Canada","Region":"Alberta","Municipality":"Strathcona County"},{"Country":"Canada","Region":"Alberta","Municipality":"Wood Buffalo"},{"Country":"Canada","Region":"British Columbia","Municipality":"Abbotsford"},{"Country":"Canada","Region":"British Columbia","Municipality":"Burnaby"},{"Country":"Canada","Region":"British Columbia","Municipality":"Chilliwack"},{"Country":"Canada","Region":"British Columbia","Municipality":"Coquitlam"},{"Country":"Canada","Region":"British Columbia","Municipality":"Delta"},{"Country":"Canada","Region":"British Columbia","Municipality":"Kamloops"},{"Country":"Canada","Region":"British Columbia","Municipality":"Kelowna"},{"Country":"Canada","Region":"British Columbia","Municipality":"Langley"},{"Country":"Canada","Region":"British Columbia","Municipality":"Maple Ridge"},{"Country":"Canada","Region":"British Columbia","Municipality":"Nanaimo"},{"Country":"Canada","Region":"British Columbia","Municipality":"New Westminster"},{"Country":"Canada","Region":"British Columbia","Municipality":"North Vancouver"},{"Country":"Canada","Region":"British Columbia","Municipality":"North Vancouver"},{"Country":"Canada","Region":"British Columbia","Municipality":"Port Coquitlam"},{"Country":"Canada","Region":"British Columbia","Municipality":"Prince George"},{"Country":"Canada","Region":"British Columbia","Municipality":"Richmond"},{"Country":"Canada","Region":"British Columbia","Municipality":"Saanich"},{"Country":"Canada","Region":"British Columbia","Municipality":"Surrey"},{"Country":"Canada","Region":"British Columbia","Municipality":"Vancouver"},{"Country":"Canada","Region":"British Columbia","Municipality":"Victoria"},{"Country":"Canada","Region":"Manitoba","Municipality":"Winnipeg"},{"Country":"Canada","Region":"New Brunswick","Municipality":"Fredericton"},{"Country":"Canada","Region":"New Brunswick","Municipality":"Moncton"},{"Country":"Canada","Region":"New Brunswick","Municipality":"Saint John"},{"Country":"Canada","Region":"Newfoundland and Labrador","Municipality":"St. John's"},{"Country":"Canada","Region":"Nova Scotia","Municipality":"Cape Breton"},{"Country":"Canada","Region":"Nova Scotia","Municipality":"Halifax"},{"Country":"Canada","Region":"Ontario","Municipality":"Ajax"},{"Country":"Canada","Region":"Ontario","Municipality":"Aurora"},{"Country":"Canada","Region":"Ontario","Municipality":"Barrie"},{"Country":"Canada","Region":"Ontario","Municipality":"Belleville"},{"Country":"Canada","Region":"Ontario","Municipality":"Brampton"},{"Country":"Canada","Region":"Ontario","Municipality":"Brantford"},{"Country":"Canada","Region":"Ontario","Municipality":"Burlington"},{"Country":"Canada","Region":"Ontario","Municipality":"Caledon"},{"Country":"Canada","Region":"Ontario","Municipality":"Cambridge"},{"Country":"Canada","Region":"Ontario","Municipality":"Chatham-Kent"},{"Country":"Canada","Region":"Ontario","Municipality":"Clarington"},{"Country":"Canada","Region":"Ontario","Municipality":"Greater Sudbury"},{"Country":"Canada","Region":"Ontario","Municipality":"Guelph"},{"Country":"Canada","Region":"Ontario","Municipality":"Halton Hills"},{"Country":"Canada","Region":"Ontario","Municipality":"Hamilton"},{"Country":"Canada","Region":"Ontario","Municipality":"Kawartha Lakes"},{"Country":"Canada","Region":"Ontario","Municipality":"Kingston"},{"Country":"Canada","Region":"Ontario","Municipality":"Kitchener"},{"Country":"Canada","Region":"Ontario","Municipality":"London"},{"Country":"Canada","Region":"Ontario","Municipality":"Markham"},{"Country":"Canada","Region":"Ontario","Municipality":"Milton"},{"Country":"Canada","Region":"Ontario","Municipality":"Mississauga"},{"Country":"Canada","Region":"Ontario","Municipality":"Newmarket"},{"Country":"Canada","Region":"Ontario","Municipality":"Niagara Falls"},{"Country":"Canada","Region":"Ontario","Municipality":"Norfolk County"},{"Country":"Canada","Region":"Ontario","Municipality":"North Bay"},{"Country":"Canada","Region":"Ontario","Municipality":"Oakville"},{"Country":"Canada","Region":"Ontario","Municipality":"Oshawa"},{"Country":"Canada","Region":"Ontario","Municipality":"Ottawa"},{"Country":"Canada","Region":"Ontario","Municipality":"Peterborough"},{"Country":"Canada","Region":"Ontario","Municipality":"Pickering"},{"Country":"Canada","Region":"Ontario","Municipality":"Richmond Hill"},{"Country":"Canada","Region":"Ontario","Municipality":"Sarnia"},{"Country":"Canada","Region":"Ontario","Municipality":"Sault Ste. Marie"},{"Country":"Canada","Region":"Ontario","Municipality":"St. Catharines"},{"Country":"Canada","Region":"Ontario","Municipality":"Thunder Bay"},{"Country":"Canada","Region":"Ontario","Municipality":"Toronto"},{"Country":"Canada","Region":"Ontario","Municipality":"Vaughan"},{"Country":"Canada","Region":"Ontario","Municipality":"Waterloo"},{"Country":"Canada","Region":"Ontario","Municipality":"Welland"},{"Country":"Canada","Region":"Ontario","Municipality":"Whitby"},{"Country":"Canada","Region":"Ontario","Municipality":"Windsor"},{"Country":"Canada","Region":"Quebec","Municipality":"Blainville"},{"Country":"Canada","Region":"Quebec","Municipality":"Brossard"},{"Country":"Canada","Region":"Quebec","Municipality":"Drummondville"},{"Country":"Canada","Region":"Quebec","Municipality":"Gatineau"},{"Country":"Canada","Region":"Quebec","Municipality":"Granby"},{"Country":"Canada","Region":"Quebec","Municipality":"Laval"},{"Country":"Canada","Region":"Quebec","Municipality":"Longueuil"},{"Country":"Canada","Region":"Quebec","Municipality":"Lévis"},{"Country":"Canada","Region":"Quebec","Municipality":"Mirabel"},{"Country":"Canada","Region":"Quebec","Municipality":"Montreal"},{"Country":"Canada","Region":"Quebec","Municipality":"Quebec City"},{"Country":"Canada","Region":"Quebec","Municipality":"Repentigny"},{"Country":"Canada","Region":"Quebec","Municipality":"Saguenay"},{"Country":"Canada","Region":"Quebec","Municipality":"Saint-Hyacinthe"},{"Country":"Canada","Region":"Quebec","Municipality":"Saint-Jean-sur-Richelieu"},{"Country":"Canada","Region":"Quebec","Municipality":"Saint-Jérôme"},{"Country":"Canada","Region":"Quebec","Municipality":"Sherbrooke"},{"Country":"Canada","Region":"Quebec","Municipality":"Terrebonne"},{"Country":"Canada","Region":"Quebec","Municipality":"Trois-Rivières"},{"Country":"Canada","Region":"Saskatchewan","Municipality":"Regina"},{"Country":"Canada","Region":"Saskatchewan","Municipality":"Saskatoon"},{"Country":"Greece","Region":"Attica","Municipality":"Acharnes"},{"Country":"Greece","Region":"Attica","Municipality":"Agia Paraskevi"},{"Country":"Greece","Region":"Attica","Municipality":"Agia Varvara"},{"Country":"Greece","Region":"Attica","Municipality":"Agioi Anargyroi"},{"Country":"Greece","Region":"Attica","Municipality":"Agios Dimitrios"},{"Country":"Greece","Region":"Attica","Municipality":"Agios Ioannis Rentis"},{"Country":"Greece","Region":"Attica","Municipality":"Alimos"},{"Country":"Greece","Region":"Attica","Municipality":"Ano Liosia"},{"Country":"Greece","Region":"Attica","Municipality":"Argyroupoli"},{"Country":"Greece","Region":"Attica","Municipality":"Artemida"},{"Country":"Greece","Region":"Attica","Municipality":"Aspropyrgos"},{"Country":"Greece","Region":"Attica","Municipality":"Athens"},{"Country":"Greece","Region":"Attica","Municipality":"Chaidari"},{"Country":"Greece","Region":"Attica","Municipality":"Chalandri"},{"Country":"Greece","Region":"Attica","Municipality":"Cholargos"},{"Country":"Greece","Region":"Attica","Municipality":"Dafni"},{"Country":"Greece","Region":"Attica","Municipality":"Drapetsona"},{"Country":"Greece","Region":"Attica","Municipality":"Egaleo"},{"Country":"Greece","Region":"Attica","Municipality":"Eleusis"},{"Country":"Greece","Region":"Attica","Municipality":"Elliniko1"},{"Country":"Greece","Region":"Attica","Municipality":"Galatsi"},{"Country":"Greece","Region":"Attica","Municipality":"Gerakas"},{"Country":"Greece","Region":"Attica","Municipality":"Glyfada"},{"Country":"Greece","Region":"Attica","Municipality":"Glyka Nera"},{"Country":"Greece","Region":"Attica","Municipality":"Ilio"},{"Country":"Greece","Region":"Attica","Municipality":"Ilioupoli"},{"Country":"Greece","Region":"Attica","Municipality":"Irakleio"},{"Country":"Greece","Region":"Attica","Municipality":"Kaisariani"},{"Country":"Greece","Region":"Attica","Municipality":"Kallithea"},{"Country":"Greece","Region":"Attica","Municipality":"Kalyvia Thorikou"},{"Country":"Greece","Region":"Attica","Municipality":"Kamatero"},{"Country":"Greece","Region":"Attica","Municipality":"Keratsini"},{"Country":"Greece","Region":"Attica","Municipality":"Kifissia"},{"Country":"Greece","Region":"Attica","Municipality":"Koropi"},{"Country":"Greece","Region":"Attica","Municipality":"Korydallos"},{"Country":"Greece","Region":"Attica","Municipality":"Mandra"},{"Country":"Greece","Region":"Attica","Municipality":"Marousi"},{"Country":"Greece","Region":"Attica","Municipality":"Megara"},{"Country":"Greece","Region":"Attica","Municipality":"Melissia"},{"Country":"Greece","Region":"Attica","Municipality":"Metamorfosi"},{"Country":"Greece","Region":"Attica","Municipality":"Moschato"},{"Country":"Greece","Region":"Attica","Municipality":"Nea Erythraia1"},{"Country":"Greece","Region":"Attica","Municipality":"Nea Filadelfeia"},{"Country":"Greece","Region":"Attica","Municipality":"Nea Ionia"},{"Country":"Greece","Region":"Attica","Municipality":"Nea Makri"},{"Country":"Greece","Region":"Attica","Municipality":"Nea Smyrni"},{"Country":"Greece","Region":"Attica","Municipality":"Neo Psychiko"},{"Country":"Greece","Region":"Attica","Municipality":"Nikaia"},{"Country":"Greece","Region":"Attica","Municipality":"Paiania"},{"Country":"Greece","Region":"Attica","Municipality":"Palaio Faliro"},{"Country":"Greece","Region":"Attica","Municipality":"Pallini"},{"Country":"Greece","Region":"Attica","Municipality":"Papagou"},{"Country":"Greece","Region":"Attica","Municipality":"Pefki"},{"Country":"Greece","Region":"Attica","Municipality":"Perama"},{"Country":"Greece","Region":"Attica","Municipality":"Peristeri"},{"Country":"Greece","Region":"Attica","Municipality":"Petroupoli"},{"Country":"Greece","Region":"Attica","Municipality":"Piraeus"},{"Country":"Greece","Region":"Attica","Municipality":"Rafina"},{"Country":"Greece","Region":"Attica","Municipality":"Salamina"},{"Country":"Greece","Region":"Attica","Municipality":"Tavros"},{"Country":"Greece","Region":"Attica","Municipality":"Vari"},{"Country":"Greece","Region":"Attica","Municipality":"Voula"},{"Country":"Greece","Region":"Attica","Municipality":"Vrilissia"},{"Country":"Greece","Region":"Attica","Municipality":"Vyronas"},{"Country":"Greece","Region":"Attica","Municipality":"Ymittos"},{"Country":"Greece","Region":"Attica","Municipality":"Zografou"},{"Country":"Greece","Region":"Central Greece","Municipality":"Chalcis"},{"Country":"Greece","Region":"Central Greece","Municipality":"Lamia"},{"Country":"Greece","Region":"Central Greece","Municipality":"Livadeia"},{"Country":"Greece","Region":"Central Greece","Municipality":"Thebes"},{"Country":"Greece","Region":"Central Macedonia","Municipality":"Alexandreia"},{"Country":"Greece","Region":"Central Macedonia","Municipality":"Ampelokipoi"},{"Country":"Greece","Region":"Central Macedonia","Municipality":"Edessa"},{"Country":"Greece","Region":"Central Macedonia","Municipality":"Efkarpia"},{"Country":"Greece","Region":"Central Macedonia","Municipality":"Eleftherio-Kordelio"},{"Country":"Greece","Region":"Central Macedonia","Municipality":"Evosmos"},{"Country":"Greece","Region":"Central Macedonia","Municipality":"Giannitsa"},{"Country":"Greece","Region":"Central Macedonia","Municipality":"Kalamaria"},{"Country":"Greece","Region":"Central Macedonia","Municipality":"Katerini"},{"Country":"Greece","Region":"Central Macedonia","Municipality":"Kilkis"},{"Country":"Greece","Region":"Central Macedonia","Municipality":"Menemeni"},{"Country":"Greece","Region":"Central Macedonia","Municipality":"Naousa"},{"Country":"Greece","Region":"Central Macedonia","Municipality":"Neapoli"},{"Country":"Greece","Region":"Central Macedonia","Municipality":"Oraiokastro"},{"Country":"Greece","Region":"Central Macedonia","Municipality":"Panorama"},{"Country":"Greece","Region":"Central Macedonia","Municipality":"Pefka"},{"Country":"Greece","Region":"Central Macedonia","Municipality":"Peraia"},{"Country":"Greece","Region":"Central Macedonia","Municipality":"Polichni"},{"Country":"Greece","Region":"Central Macedonia","Municipality":"Pylaia"},{"Country":"Greece","Region":"Central Macedonia","Municipality":"Serres"},{"Country":"Greece","Region":"Central Macedonia","Municipality":"Stavroupoli"},{"Country":"Greece","Region":"Central Macedonia","Municipality":"Sykies"},{"Country":"Greece","Region":"Central Macedonia","Municipality":"Thermi"},{"Country":"Greece","Region":"Central Macedonia","Municipality":"Thessaloniki"},{"Country":"Greece","Region":"Central Macedonia","Municipality":"Veria"},{"Country":"Greece","Region":"Crete","Municipality":"Agios Nikolaos"},{"Country":"Greece","Region":"Crete","Municipality":"Chania"},{"Country":"Greece","Region":"Crete","Municipality":"Gazi"},{"Country":"Greece","Region":"Crete","Municipality":"Heraklion"},{"Country":"Greece","Region":"Crete","Municipality":"Ierapetra"},{"Country":"Greece","Region":"Crete","Municipality":"Nea Alikarnassos"},{"Country":"Greece","Region":"Crete","Municipality":"Rethymno"},{"Country":"Greece","Region":"Eastern Macedonia and Thrace","Municipality":"Alexandroupoli"},{"Country":"Greece","Region":"Eastern Macedonia and Thrace","Municipality":"Drama"},{"Country":"Greece","Region":"Eastern Macedonia and Thrace","Municipality":"Kavala"},{"Country":"Greece","Region":"Eastern Macedonia and Thrace","Municipality":"Komotini"},{"Country":"Greece","Region":"Eastern Macedonia and Thrace","Municipality":"Orestiada"},{"Country":"Greece","Region":"Eastern Macedonia and Thrace","Municipality":"Xanthi"},{"Country":"Greece","Region":"Epirus","Municipality":"Arta"},{"Country":"Greece","Region":"Epirus","Municipality":"Ioannina"},{"Country":"Greece","Region":"Epirus","Municipality":"Preveza"},{"Country":"Greece","Region":"Ionian Islands","Municipality":"Corfu"},{"Country":"Greece","Region":"North Aegean","Municipality":"Chios"},{"Country":"Greece","Region":"North Aegean","Municipality":"Mytilene"},{"Country":"Greece","Region":"Peloponnese","Municipality":"Argos"},{"Country":"Greece","Region":"Peloponnese","Municipality":"Corinth"},{"Country":"Greece","Region":"Peloponnese","Municipality":"Kalamata"},{"Country":"Greece","Region":"Peloponnese","Municipality":"Loutraki"},{"Country":"Greece","Region":"Peloponnese","Municipality":"Nafplio"},{"Country":"Greece","Region":"Peloponnese","Municipality":"Sparta"},{"Country":"Greece","Region":"Peloponnese","Municipality":"Tripoli"},{"Country":"Greece","Region":"South Aegean","Municipality":"Ermoupoli"},{"Country":"Greece","Region":"South Aegean","Municipality":"Ialysos"},{"Country":"Greece","Region":"South Aegean","Municipality":"Kalymnos"},{"Country":"Greece","Region":"South Aegean","Municipality":"Kos"},{"Country":"Greece","Region":"South Aegean","Municipality":"Rhodes"},{"Country":"Greece","Region":"Thessaly","Municipality":"Karditsa"},{"Country":"Greece","Region":"Thessaly","Municipality":"Larissa"},{"Country":"Greece","Region":"Thessaly","Municipality":"Nea Ionia"},{"Country":"Greece","Region":"Thessaly","Municipality":"Trikala"},{"Country":"Greece","Region":"Thessaly","Municipality":"Tyrnavos"},{"Country":"Greece","Region":"Thessaly","Municipality":"Volos"},{"Country":"Greece","Region":"Western Greece","Municipality":"Agrinio"},{"Country":"Greece","Region":"Western Greece","Municipality":"Aigio"},{"Country":"Greece","Region":"Western Greece","Municipality":"Amaliada"},{"Country":"Greece","Region":"Western Greece","Municipality":"Missolonghi"},{"Country":"Greece","Region":"Western Greece","Municipality":"Nafpaktos"},{"Country":"Greece","Region":"Western Greece","Municipality":"Patras"},{"Country":"Greece","Region":"Western Greece","Municipality":"Pyrgos"},{"Country":"Greece","Region":"Western Macedonia","Municipality":"Florina"},{"Country":"Greece","Region":"Western Macedonia","Municipality":"Grevena"},{"Country":"Greece","Region":"Western Macedonia","Municipality":"Kastoria"},{"Country":"Greece","Region":"Western Macedonia","Municipality":"Kozani"},{"Country":"Greece","Region":"Western Macedonia","Municipality":"Ptolemaida"},{"Country":"Italy","Region":" Abruzzo","Municipality":"Chieti"},{"Country":"Italy","Region":" Abruzzo","Municipality":"L’Aquila"},{"Country":"Italy","Region":" Abruzzo","Municipality":"Montesilvano"},{"Country":"Italy","Region":" Abruzzo","Municipality":"Pescara"},{"Country":"Italy","Region":" Abruzzo","Municipality":"Teramo"},{"Country":"Italy","Region":" Apulia","Municipality":"Altamura"},{"Country":"Italy","Region":" Apulia","Municipality":"Andria"},{"Country":"Italy","Region":" Apulia","Municipality":"Bari"},{"Country":"Italy","Region":" Apulia","Municipality":"Barletta"},{"Country":"Italy","Region":" Apulia","Municipality":"Bisceglie"},{"Country":"Italy","Region":" Apulia","Municipality":"Bitonto"},{"Country":"Italy","Region":" Apulia","Municipality":"Brindisi"},{"Country":"Italy","Region":" Apulia","Municipality":"Cerignola"},{"Country":"Italy","Region":" Apulia","Municipality":"Foggia"},{"Country":"Italy","Region":" Apulia","Municipality":"Lecce"},{"Country":"Italy","Region":" Apulia","Municipality":"Manfredonia"},{"Country":"Italy","Region":" Apulia","Municipality":"Molfetta"},{"Country":"Italy","Region":" Apulia","Municipality":"San Severo"},{"Country":"Italy","Region":" Apulia","Municipality":"Taranto"},{"Country":"Italy","Region":" Apulia","Municipality":"Trani"},{"Country":"Italy","Region":" Basilicata","Municipality":"Matera"},{"Country":"Italy","Region":" Basilicata","Municipality":"Potenza"},{"Country":"Italy","Region":" Calabria","Municipality":"Catanzaro"},{"Country":"Italy","Region":" Calabria","Municipality":"Cosenza"},{"Country":"Italy","Region":" Calabria","Municipality":"Crotone"},{"Country":"Italy","Region":" Calabria","Municipality":"Lamezia Terme"},{"Country":"Italy","Region":" Calabria","Municipality":"Reggio Calabria"},{"Country":"Italy","Region":" Campania","Municipality":"Acerra"},{"Country":"Italy","Region":" Campania","Municipality":"Afragola"},{"Country":"Italy","Region":" Campania","Municipality":"Avellino"},{"Country":"Italy","Region":" Campania","Municipality":"Aversa"},{"Country":"Italy","Region":" Campania","Municipality":"Battipaglia"},{"Country":"Italy","Region":" Campania","Municipality":"Benevento"},{"Country":"Italy","Region":" Campania","Municipality":"Caserta"},{"Country":"Italy","Region":" Campania","Municipality":"Casoria"},{"Country":"Italy","Region":" Campania","Municipality":"Castellammare di Stabia"},{"Country":"Italy","Region":" Campania","Municipality":"Cava de' Tirreni"},{"Country":"Italy","Region":" Campania","Municipality":"Ercolano"},{"Country":"Italy","Region":" Campania","Municipality":"Giugliano in Campania"},{"Country":"Italy","Region":" Campania","Municipality":"Marano di Napoli"},{"Country":"Italy","Region":" Campania","Municipality":"Naples"},{"Country":"Italy","Region":" Campania","Municipality":"Portici"},{"Country":"Italy","Region":" Campania","Municipality":"Pozzuoli"},{"Country":"Italy","Region":" Campania","Municipality":"Salerno"},{"Country":"Italy","Region":" Campania","Municipality":"Scafati"},{"Country":"Italy","Region":" Campania","Municipality":"Torre del Greco"},{"Country":"Italy","Region":" Emilia-Romagna","Municipality":"Bologna"},{"Country":"Italy","Region":" Emilia-Romagna","Municipality":"Carpi"},{"Country":"Italy","Region":" Emilia-Romagna","Municipality":"Cesena"},{"Country":"Italy","Region":" Emilia-Romagna","Municipality":"Faenza"},{"Country":"Italy","Region":" Emilia-Romagna","Municipality":"Ferrara"},{"Country":"Italy","Region":" Emilia-Romagna","Municipality":"Forlì"},{"Country":"Italy","Region":" Emilia-Romagna","Municipality":"Imola"},{"Country":"Italy","Region":" Emilia-Romagna","Municipality":"Modena"},{"Country":"Italy","Region":" Emilia-Romagna","Municipality":"Parma"},{"Country":"Italy","Region":" Emilia-Romagna","Municipality":"Piacenza"},{"Country":"Italy","Region":" Emilia-Romagna","Municipality":"Ravenna"},{"Country":"Italy","Region":" Emilia-Romagna","Municipality":"Reggio Emilia"},{"Country":"Italy","Region":" Emilia-Romagna","Municipality":"Rimini"},{"Country":"Italy","Region":" Friuli-Venezia Giulia","Municipality":"Pordenone"},{"Country":"Italy","Region":" Friuli-Venezia Giulia","Municipality":"Trieste"},{"Country":"Italy","Region":" Friuli-Venezia Giulia","Municipality":"Udine"},{"Country":"Italy","Region":" Lazio","Municipality":"Anzio"},{"Country":"Italy","Region":" Lazio","Municipality":"Aprilia"},{"Country":"Italy","Region":" Lazio","Municipality":"Civitavecchia"},{"Country":"Italy","Region":" Lazio","Municipality":"Fiumicino"},{"Country":"Italy","Region":" Lazio","Municipality":"Guidonia Montecelio"},{"Country":"Italy","Region":" Lazio","Municipality":"Latina"},{"Country":"Italy","Region":" Lazio","Municipality":"Pomezia"},{"Country":"Italy","Region":" Lazio","Municipality":"Rome"},{"Country":"Italy","Region":" Lazio","Municipality":"Tivoli"},{"Country":"Italy","Region":" Lazio","Municipality":"Velletri"},{"Country":"Italy","Region":" Lazio","Municipality":"Viterbo"},{"Country":"Italy","Region":" Liguria","Municipality":"Genoa"},{"Country":"Italy","Region":" Liguria","Municipality":"La Spezia"},{"Country":"Italy","Region":" Liguria","Municipality":"Sanremo"},{"Country":"Italy","Region":" Liguria","Municipality":"Savona"},{"Country":"Italy","Region":" Lombardy","Municipality":"Bergamo"},{"Country":"Italy","Region":" Lombardy","Municipality":"Brescia"},{"Country":"Italy","Region":" Lombardy","Municipality":"Busto Arsizio"},{"Country":"Italy","Region":" Lombardy","Municipality":"Cinisello Balsamo"},{"Country":"Italy","Region":" Lombardy","Municipality":"Como"},{"Country":"Italy","Region":" Lombardy","Municipality":"Cremona"},{"Country":"Italy","Region":" Lombardy","Municipality":"Gallarate"},{"Country":"Italy","Region":" Lombardy","Municipality":"Legnano"},{"Country":"Italy","Region":" Lombardy","Municipality":"Milan"},{"Country":"Italy","Region":" Lombardy","Municipality":"Monza"},{"Country":"Italy","Region":" Lombardy","Municipality":"Pavia"},{"Country":"Italy","Region":" Lombardy","Municipality":"Rho"},{"Country":"Italy","Region":" Lombardy","Municipality":"Sesto San Giovanni"},{"Country":"Italy","Region":" Lombardy","Municipality":"Varese"},{"Country":"Italy","Region":" Lombardy","Municipality":"Vigevano"},{"Country":"Italy","Region":" Marche","Municipality":"Ancona"},{"Country":"Italy","Region":" Marche","Municipality":"Fano"},{"Country":"Italy","Region":" Marche","Municipality":"Pesaro"},{"Country":"Italy","Region":" Piedmont","Municipality":"Alessandria"},{"Country":"Italy","Region":" Piedmont","Municipality":"Asti"},{"Country":"Italy","Region":" Piedmont","Municipality":"Cuneo"},{"Country":"Italy","Region":" Piedmont","Municipality":"Moncalieri"},{"Country":"Italy","Region":" Piedmont","Municipality":"Novara"},{"Country":"Italy","Region":" Piedmont","Municipality":"Turin"},{"Country":"Italy","Region":" Sardinia","Municipality":"Cagliari"},{"Country":"Italy","Region":" Sardinia","Municipality":"Olbia"},{"Country":"Italy","Region":" Sardinia","Municipality":"Quartu Sant'Elena"},{"Country":"Italy","Region":" Sardinia","Municipality":"Sassari"},{"Country":"Italy","Region":" Sicily","Municipality":"Acireale"},{"Country":"Italy","Region":" Sicily","Municipality":"Agrigento"},{"Country":"Italy","Region":" Sicily","Municipality":"Bagheria"},{"Country":"Italy","Region":" Sicily","Municipality":"Caltanissetta"},{"Country":"Italy","Region":" Sicily","Municipality":"Catania"},{"Country":"Italy","Region":" Sicily","Municipality":"Gela"},{"Country":"Italy","Region":" Sicily","Municipality":"Marsala"},{"Country":"Italy","Region":" Sicily","Municipality":"Mazara del Vallo"},{"Country":"Italy","Region":" Sicily","Municipality":"Messina"},{"Country":"Italy","Region":" Sicily","Municipality":"Modica"},{"Country":"Italy","Region":" Sicily","Municipality":"Palermo"},{"Country":"Italy","Region":" Sicily","Municipality":"Ragusa"},{"Country":"Italy","Region":" Sicily","Municipality":"Syracuse"},{"Country":"Italy","Region":" Sicily","Municipality":"Trapani"},{"Country":"Italy","Region":" Sicily","Municipality":"Vittoria"},{"Country":"Italy","Region":" Trentino-Alto Adige/Südtirol","Municipality":"Bolzano"},{"Country":"Italy","Region":" Trentino-Alto Adige/Südtirol","Municipality":"Trento"},{"Country":"Italy","Region":" Tuscany","Municipality":"Arezzo"},{"Country":"Italy","Region":" Tuscany","Municipality":"Carrara"},{"Country":"Italy","Region":" Tuscany","Municipality":"Florence"},{"Country":"Italy","Region":" Tuscany","Municipality":"Grosseto"},{"Country":"Italy","Region":" Tuscany","Municipality":"Livorno"},{"Country":"Italy","Region":" Tuscany","Municipality":"Lucca"},{"Country":"Italy","Region":" Tuscany","Municipality":"Massa"},{"Country":"Italy","Region":" Tuscany","Municipality":"Pisa"},{"Country":"Italy","Region":" Tuscany","Municipality":"Pistoia"},{"Country":"Italy","Region":" Tuscany","Municipality":"Prato"},{"Country":"Italy","Region":" Tuscany","Municipality":"Scandicci"},{"Country":"Italy","Region":" Tuscany","Municipality":"Siena"},{"Country":"Italy","Region":" Tuscany","Municipality":"Viareggio"},{"Country":"Italy","Region":" Umbria","Municipality":"Foligno"},{"Country":"Italy","Region":" Umbria","Municipality":"Perugia"},{"Country":"Italy","Region":" Umbria","Municipality":"Terni"},{"Country":"Italy","Region":" Veneto","Municipality":"Padua"},{"Country":"Italy","Region":" Veneto","Municipality":"Rovigo"},{"Country":"Italy","Region":" Veneto","Municipality":"Treviso"},{"Country":"Italy","Region":" Veneto","Municipality":"Venice"},{"Country":"Italy","Region":" Veneto","Municipality":"Verona"},{"Country":"Italy","Region":" Veneto","Municipality":"Vicenza"},{"Country":"USA","Region":" Alabama","Municipality":"Birmingham"},{"Country":"USA","Region":" Alabama","Municipality":"Huntsville"},{"Country":"USA","Region":" Alabama","Municipality":"Mobile"},{"Country":"USA","Region":" Alabama","Municipality":"Montgomery"},{"Country":"USA","Region":" Alabama","Municipality":"Tuscaloosa"},{"Country":"USA","Region":" Alaska","Municipality":"Anchorage[p]"},{"Country":"USA","Region":" Arizona","Municipality":"Chandler"},{"Country":"USA","Region":" Arizona","Municipality":"Gilbert[q]"},{"Country":"USA","Region":" Arizona","Municipality":"Glendale"},{"Country":"USA","Region":" Arizona","Municipality":"Mesa"},{"Country":"USA","Region":" Arizona","Municipality":"Peoria"},{"Country":"USA","Region":" Arizona","Municipality":"Phoenix"},{"Country":"USA","Region":" Arizona","Municipality":"Scottsdale"},{"Country":"USA","Region":" Arizona","Municipality":"Surprise"},{"Country":"USA","Region":" Arizona","Municipality":"Tempe"},{"Country":"USA","Region":" Arizona","Municipality":"Tucson"},{"Country":"USA","Region":" Arkansas","Municipality":"Little Rock"},{"Country":"USA","Region":" California","Municipality":"Anaheim"},{"Country":"USA","Region":" California","Municipality":"Antioch"},{"Country":"USA","Region":" California","Municipality":"Bakersfield"},{"Country":"USA","Region":" California","Municipality":"Berkeley"},{"Country":"USA","Region":" California","Municipality":"Burbank"},{"Country":"USA","Region":" California","Municipality":"Carlsbad"},{"Country":"USA","Region":" California","Municipality":"Chula Vista"},{"Country":"USA","Region":" California","Municipality":"Clovis"},{"Country":"USA","Region":" California","Municipality":"Concord"},{"Country":"USA","Region":" California","Municipality":"Corona"},{"Country":"USA","Region":" California","Municipality":"Costa Mesa"},{"Country":"USA","Region":" California","Municipality":"Daly City"},{"Country":"USA","Region":" California","Municipality":"Downey"},{"Country":"USA","Region":" California","Municipality":"El Cajon"},{"Country":"USA","Region":" California","Municipality":"El Monte"},{"Country":"USA","Region":" California","Municipality":"Elk Grove"},{"Country":"USA","Region":" California","Municipality":"Escondido"},{"Country":"USA","Region":" California","Municipality":"Fairfield"},{"Country":"USA","Region":" California","Municipality":"Fontana"},{"Country":"USA","Region":" California","Municipality":"Fremont"},{"Country":"USA","Region":" California","Municipality":"Fresno"},{"Country":"USA","Region":" California","Municipality":"Fullerton"},{"Country":"USA","Region":" California","Municipality":"Garden Grove"},{"Country":"USA","Region":" California","Municipality":"Glendale"},{"Country":"USA","Region":" California","Municipality":"Hayward"},{"Country":"USA","Region":" California","Municipality":"Huntington Beach"},{"Country":"USA","Region":" California","Municipality":"Inglewood"},{"Country":"USA","Region":" California","Municipality":"Irvine"},{"Country":"USA","Region":" California","Municipality":"Jurupa Valley"},{"Country":"USA","Region":" California","Municipality":"Lancaster"},{"Country":"USA","Region":" California","Municipality":"Long Beach"},{"Country":"USA","Region":" California","Municipality":"Los Angeles"},{"Country":"USA","Region":" California","Municipality":"Modesto"},{"Country":"USA","Region":" California","Municipality":"Moreno Valley"},{"Country":"USA","Region":" California","Municipality":"Murrieta"},{"Country":"USA","Region":" California","Municipality":"Norwalk"},{"Country":"USA","Region":" California","Municipality":"Oakland"},{"Country":"USA","Region":" California","Municipality":"Oceanside"},{"Country":"USA","Region":" California","Municipality":"Ontario"},{"Country":"USA","Region":" California","Municipality":"Orange"},{"Country":"USA","Region":" California","Municipality":"Oxnard"},{"Country":"USA","Region":" California","Municipality":"Palmdale"},{"Country":"USA","Region":" California","Municipality":"Pasadena"},{"Country":"USA","Region":" California","Municipality":"Pomona"},{"Country":"USA","Region":" California","Municipality":"Rancho Cucamonga"},{"Country":"USA","Region":" California","Municipality":"Rialto"},{"Country":"USA","Region":" California","Municipality":"Richmond"},{"Country":"USA","Region":" California","Municipality":"Riverside"},{"Country":"USA","Region":" California","Municipality":"Roseville"},{"Country":"USA","Region":" California","Municipality":"Sacramento"},{"Country":"USA","Region":" California","Municipality":"Salinas"},{"Country":"USA","Region":" California","Municipality":"San Bernardino"},{"Country":"USA","Region":" California","Municipality":"San Diego"},{"Country":"USA","Region":" California","Municipality":"San Francisco[g]"},{"Country":"USA","Region":" California","Municipality":"San Jose"},{"Country":"USA","Region":" California","Municipality":"San Mateo"},{"Country":"USA","Region":" California","Municipality":"Santa Ana"},{"Country":"USA","Region":" California","Municipality":"Santa Clara"},{"Country":"USA","Region":" California","Municipality":"Santa Clarita"},{"Country":"USA","Region":" California","Municipality":"Santa Maria"},{"Country":"USA","Region":" California","Municipality":"Santa Rosa"},{"Country":"USA","Region":" California","Municipality":"Simi Valley"},{"Country":"USA","Region":" California","Municipality":"Stockton"},{"Country":"USA","Region":" California","Municipality":"Sunnyvale"},{"Country":"USA","Region":" California","Municipality":"Temecula"},{"Country":"USA","Region":" California","Municipality":"Thousand Oaks"},{"Country":"USA","Region":" California","Municipality":"Torrance"},{"Country":"USA","Region":" California","Municipality":"Vacaville"},{"Country":"USA","Region":" California","Municipality":"Vallejo"},{"Country":"USA","Region":" California","Municipality":"Ventura[aa]"},{"Country":"USA","Region":" California","Municipality":"Victorville"},{"Country":"USA","Region":" California","Municipality":"Visalia"},{"Country":"USA","Region":" California","Municipality":"Vista"},{"Country":"USA","Region":" California","Municipality":"West Covina"},{"Country":"USA","Region":" Colorado","Municipality":"Arvada"},{"Country":"USA","Region":" Colorado","Municipality":"Aurora"},{"Country":"USA","Region":" Colorado","Municipality":"Boulder"},{"Country":"USA","Region":" Colorado","Municipality":"Centennial"},{"Country":"USA","Region":" Colorado","Municipality":"Colorado Springs"},{"Country":"USA","Region":" Colorado","Municipality":"Denver[i]"},{"Country":"USA","Region":" Colorado","Municipality":"Fort Collins"},{"Country":"USA","Region":" Colorado","Municipality":"Greeley"},{"Country":"USA","Region":" Colorado","Municipality":"Lakewood"},{"Country":"USA","Region":" Colorado","Municipality":"Pueblo"},{"Country":"USA","Region":" Colorado","Municipality":"Thornton"},{"Country":"USA","Region":" Colorado","Municipality":"Westminster"},{"Country":"USA","Region":" Connecticut","Municipality":"Bridgeport"},{"Country":"USA","Region":" Connecticut","Municipality":"Hartford"},{"Country":"USA","Region":" Connecticut","Municipality":"New Haven"},{"Country":"USA","Region":" Connecticut","Municipality":"Stamford"},{"Country":"USA","Region":" Connecticut","Municipality":"Waterbury"},{"Country":"USA","Region":" District of Columbia","Municipality":"Washington, D.C.[j]"},{"Country":"USA","Region":" Florida","Municipality":"Cape Coral"},{"Country":"USA","Region":" Florida","Municipality":"Clearwater"},{"Country":"USA","Region":" Florida","Municipality":"Coral Springs"},{"Country":"USA","Region":" Florida","Municipality":"Davie[ac]"},{"Country":"USA","Region":" Florida","Municipality":"Fort Lauderdale"},{"Country":"USA","Region":" Florida","Municipality":"Gainesville"},{"Country":"USA","Region":" Florida","Municipality":"Hialeah"},{"Country":"USA","Region":" Florida","Municipality":"Hollywood"},{"Country":"USA","Region":" Florida","Municipality":"Jacksonville[f]"},{"Country":"USA","Region":" Florida","Municipality":"Lakeland"},{"Country":"USA","Region":" Florida","Municipality":"Miami"},{"Country":"USA","Region":" Florida","Municipality":"Miami Gardens"},{"Country":"USA","Region":" Florida","Municipality":"Miramar"},{"Country":"USA","Region":" Florida","Municipality":"Orlando"},{"Country":"USA","Region":" Florida","Municipality":"Palm Bay"},{"Country":"USA","Region":" Florida","Municipality":"Pembroke Pines"},{"Country":"USA","Region":" Florida","Municipality":"Pompano Beach"},{"Country":"USA","Region":" Florida","Municipality":"Port St. Lucie"},{"Country":"USA","Region":" Florida","Municipality":"St. Petersburg"},{"Country":"USA","Region":" Florida","Municipality":"Tallahassee"},{"Country":"USA","Region":" Florida","Municipality":"Tampa"},{"Country":"USA","Region":" Florida","Municipality":"West Palm Beach"},{"Country":"USA","Region":" Georgia","Municipality":"Athens[z]"},{"Country":"USA","Region":" Georgia","Municipality":"Atlanta"},{"Country":"USA","Region":" Georgia","Municipality":"Augusta[t]"},{"Country":"USA","Region":" Georgia","Municipality":"Columbus[u]"},{"Country":"USA","Region":" Georgia","Municipality":"Macon[w]"},{"Country":"USA","Region":" Georgia","Municipality":"Sandy Springs"},{"Country":"USA","Region":" Georgia","Municipality":"Savannah"},{"Country":"USA","Region":" Hawaii","Municipality":"Honolulu[b]"},{"Country":"USA","Region":" Idaho","Municipality":"Boise[r]"},{"Country":"USA","Region":" Idaho","Municipality":"Meridian"},{"Country":"USA","Region":" Illinois","Municipality":"Aurora"},{"Country":"USA","Region":" Illinois","Municipality":"Chicago"},{"Country":"USA","Region":" Illinois","Municipality":"Elgin"},{"Country":"USA","Region":" Illinois","Municipality":"Joliet"},{"Country":"USA","Region":" Illinois","Municipality":"Naperville"},{"Country":"USA","Region":" Illinois","Municipality":"Peoria"},{"Country":"USA","Region":" Illinois","Municipality":"Rockford"},{"Country":"USA","Region":" Illinois","Municipality":"Springfield"},{"Country":"USA","Region":" Indiana","Municipality":"Evansville"},{"Country":"USA","Region":" Indiana","Municipality":"Fort Wayne"},{"Country":"USA","Region":" Indiana","Municipality":"Indianapolis[h]"},{"Country":"USA","Region":" Indiana","Municipality":"South Bend"},{"Country":"USA","Region":" Iowa","Municipality":"Cedar Rapids"},{"Country":"USA","Region":" Iowa","Municipality":"Davenport"},{"Country":"USA","Region":" Iowa","Municipality":"Des Moines"},{"Country":"USA","Region":" Kansas","Municipality":"Kansas City[x]"},{"Country":"USA","Region":" Kansas","Municipality":"Olathe"},{"Country":"USA","Region":" Kansas","Municipality":"Overland Park"},{"Country":"USA","Region":" Kansas","Municipality":"Topeka"},{"Country":"USA","Region":" Kansas","Municipality":"Wichita"},{"Country":"USA","Region":" Kentucky","Municipality":"Lexington[o]"},{"Country":"USA","Region":" Kentucky","Municipality":"Louisville[l]"},{"Country":"USA","Region":" Louisiana","Municipality":"Baton Rouge[s]"},{"Country":"USA","Region":" Louisiana","Municipality":"Lafayette[y]"},{"Country":"USA","Region":" Louisiana","Municipality":"New Orleans[n]"},{"Country":"USA","Region":" Louisiana","Municipality":"Shreveport"},{"Country":"USA","Region":" Maryland","Municipality":"Baltimore[m]"},{"Country":"USA","Region":" Massachusetts","Municipality":"Boston"},{"Country":"USA","Region":" Massachusetts","Municipality":"Cambridge"},{"Country":"USA","Region":" Massachusetts","Municipality":"Lowell"},{"Country":"USA","Region":" Massachusetts","Municipality":"Springfield"},{"Country":"USA","Region":" Massachusetts","Municipality":"Worcester"},{"Country":"USA","Region":" Michigan","Municipality":"Ann Arbor"},{"Country":"USA","Region":" Michigan","Municipality":"Clinton[ae]"},{"Country":"USA","Region":" Michigan","Municipality":"Detroit"},{"Country":"USA","Region":" Michigan","Municipality":"Grand Rapids"},{"Country":"USA","Region":" Michigan","Municipality":"Lansing"},{"Country":"USA","Region":" Michigan","Municipality":"Sterling Heights"},{"Country":"USA","Region":" Michigan","Municipality":"Warren"},{"Country":"USA","Region":" Minnesota","Municipality":"Minneapolis"},{"Country":"USA","Region":" Minnesota","Municipality":"Rochester"},{"Country":"USA","Region":" Minnesota","Municipality":"Saint Paul"},{"Country":"USA","Region":" Mississippi","Municipality":"Jackson"},{"Country":"USA","Region":" Missouri","Municipality":"Columbia"},{"Country":"USA","Region":" Missouri","Municipality":"Independence"},{"Country":"USA","Region":" Missouri","Municipality":"Kansas City"},{"Country":"USA","Region":" Missouri","Municipality":"Springfield"},{"Country":"USA","Region":" Missouri","Municipality":"St. Louis[m]"},{"Country":"USA","Region":" Montana","Municipality":"Billings"},{"Country":"USA","Region":" Nebraska","Municipality":"Lincoln"},{"Country":"USA","Region":" Nebraska","Municipality":"Omaha"},{"Country":"USA","Region":" Nevada","Municipality":"Henderson"},{"Country":"USA","Region":" Nevada","Municipality":"Las Vegas"},{"Country":"USA","Region":" Nevada","Municipality":"North Las Vegas"},{"Country":"USA","Region":" Nevada","Municipality":"Reno"},{"Country":"USA","Region":" Nevada","Municipality":"Sparks"},{"Country":"USA","Region":" New Hampshire","Municipality":"Manchester"},{"Country":"USA","Region":" New Jersey","Municipality":"Edison[ad]"},{"Country":"USA","Region":" New Jersey","Municipality":"Elizabeth"},{"Country":"USA","Region":" New Jersey","Municipality":"Jersey City"},{"Country":"USA","Region":" New Jersey","Municipality":"Lakewood[ad]"},{"Country":"USA","Region":" New Jersey","Municipality":"Newark"},{"Country":"USA","Region":" New Jersey","Municipality":"Paterson"},{"Country":"USA","Region":" New Jersey","Municipality":"Woodbridge[ad]"},{"Country":"USA","Region":" New Mexico","Municipality":"Albuquerque"},{"Country":"USA","Region":" New Mexico","Municipality":"Las Cruces"},{"Country":"USA","Region":" New York","Municipality":"Buffalo"},{"Country":"USA","Region":" New York","Municipality":"New York City[d]"},{"Country":"USA","Region":" New York","Municipality":"Rochester"},{"Country":"USA","Region":" New York","Municipality":"Syracuse"},{"Country":"USA","Region":" New York","Municipality":"Yonkers"},{"Country":"USA","Region":" North Carolina","Municipality":"Cary[v]"},{"Country":"USA","Region":" North Carolina","Municipality":"Charlotte"},{"Country":"USA","Region":" North Carolina","Municipality":"Durham"},{"Country":"USA","Region":" North Carolina","Municipality":"Fayetteville"},{"Country":"USA","Region":" North Carolina","Municipality":"Greensboro"},{"Country":"USA","Region":" North Carolina","Municipality":"High Point"},{"Country":"USA","Region":" North Carolina","Municipality":"Raleigh"},{"Country":"USA","Region":" North Carolina","Municipality":"Wilmington"},{"Country":"USA","Region":" North Carolina","Municipality":"Winston–Salem"},{"Country":"USA","Region":"  North Dakota","Municipality":"Fargo"},{"Country":"USA","Region":" Ohio","Municipality":"Akron"},{"Country":"USA","Region":" Ohio","Municipality":"Cincinnati"},{"Country":"USA","Region":" Ohio","Municipality":"Cleveland"},{"Country":"USA","Region":" Ohio","Municipality":"Columbus"},{"Country":"USA","Region":" Ohio","Municipality":"Dayton"},{"Country":"USA","Region":" Ohio","Municipality":"Toledo"},{"Country":"USA","Region":" Oklahoma","Municipality":"Broken Arrow"},{"Country":"USA","Region":" Oklahoma","Municipality":"Norman"},{"Country":"USA","Region":" Oklahoma","Municipality":"Oklahoma City"},{"Country":"USA","Region":" Oklahoma","Municipality":"Tulsa"},{"Country":"USA","Region":" Oregon","Municipality":"Eugene"},{"Country":"USA","Region":" Oregon","Municipality":"Gresham"},{"Country":"USA","Region":" Oregon","Municipality":"Hillsboro"},{"Country":"USA","Region":" Oregon","Municipality":"Portland"},{"Country":"USA","Region":" Oregon","Municipality":"Salem"},{"Country":"USA","Region":" Pennsylvania","Municipality":"Allentown"},{"Country":"USA","Region":" Pennsylvania","Municipality":"Philadelphia[e]"},{"Country":"USA","Region":" Pennsylvania","Municipality":"Pittsburgh"},{"Country":"USA","Region":" Rhode Island","Municipality":"Providence"},{"Country":"USA","Region":" South Carolina","Municipality":"Charleston"},{"Country":"USA","Region":" South Carolina","Municipality":"Columbia"},{"Country":"USA","Region":" South Carolina","Municipality":"North Charleston"},{"Country":"USA","Region":" South Dakota","Municipality":"Sioux Falls"},{"Country":"USA","Region":" Tennessee","Municipality":"Chattanooga"},{"Country":"USA","Region":" Tennessee","Municipality":"Clarksville"},{"Country":"USA","Region":" Tennessee","Municipality":"Knoxville"},{"Country":"USA","Region":" Tennessee","Municipality":"Memphis"},{"Country":"USA","Region":" Tennessee","Municipality":"Murfreesboro"},{"Country":"USA","Region":" Tennessee","Municipality":"Nashville[k]"},{"Country":"USA","Region":" Texas","Municipality":"Abilene"},{"Country":"USA","Region":" Texas","Municipality":"Allen"},{"Country":"USA","Region":" Texas","Municipality":"Amarillo"},{"Country":"USA","Region":" Texas","Municipality":"Arlington"},{"Country":"USA","Region":" Texas","Municipality":"Austin"},{"Country":"USA","Region":" Texas","Municipality":"Beaumont"},{"Country":"USA","Region":" Texas","Municipality":"Brownsville"},{"Country":"USA","Region":" Texas","Municipality":"Carrollton"},{"Country":"USA","Region":" Texas","Municipality":"College Station"},{"Country":"USA","Region":" Texas","Municipality":"Corpus Christi"},{"Country":"USA","Region":" Texas","Municipality":"Dallas"},{"Country":"USA","Region":" Texas","Municipality":"Denton"},{"Country":"USA","Region":" Texas","Municipality":"El Paso"},{"Country":"USA","Region":" Texas","Municipality":"Fort Worth"},{"Country":"USA","Region":" Texas","Municipality":"Frisco"},{"Country":"USA","Region":" Texas","Municipality":"Garland"},{"Country":"USA","Region":" Texas","Municipality":"Grand Prairie"},{"Country":"USA","Region":" Texas","Municipality":"Houston[3]"},{"Country":"USA","Region":" Texas","Municipality":"Irving"},{"Country":"USA","Region":" Texas","Municipality":"Killeen"},{"Country":"USA","Region":" Texas","Municipality":"Laredo"},{"Country":"USA","Region":" Texas","Municipality":"League City"},{"Country":"USA","Region":" Texas","Municipality":"Lewisville"},{"Country":"USA","Region":" Texas","Municipality":"Lubbock"},{"Country":"USA","Region":" Texas","Municipality":"McAllen"},{"Country":"USA","Region":" Texas","Municipality":"McKinney"},{"Country":"USA","Region":" Texas","Municipality":"Mesquite"},{"Country":"USA","Region":" Texas","Municipality":"Midland"},{"Country":"USA","Region":" Texas","Municipality":"Odessa"},{"Country":"USA","Region":" Texas","Municipality":"Pasadena"},{"Country":"USA","Region":" Texas","Municipality":"Pearland"},{"Country":"USA","Region":" Texas","Municipality":"Plano"},{"Country":"USA","Region":" Texas","Municipality":"Richardson"},{"Country":"USA","Region":" Texas","Municipality":"Round Rock"},{"Country":"USA","Region":" Texas","Municipality":"San Angelo"},{"Country":"USA","Region":" Texas","Municipality":"San Antonio"},{"Country":"USA","Region":" Texas","Municipality":"Sugar Land"},{"Country":"USA","Region":" Texas","Municipality":"Tyler"},{"Country":"USA","Region":" Texas","Municipality":"Waco"},{"Country":"USA","Region":" Texas","Municipality":"Wichita Falls"},{"Country":"USA","Region":" Utah","Municipality":"Provo"},{"Country":"USA","Region":" Utah","Municipality":"Salt Lake City"},{"Country":"USA","Region":" Utah","Municipality":"West Jordan"},{"Country":"USA","Region":" Utah","Municipality":"West Valley City"},{"Country":"USA","Region":" Virginia","Municipality":"Alexandria[m]"},{"Country":"USA","Region":" Virginia","Municipality":"Chesapeake[m]"},{"Country":"USA","Region":" Virginia","Municipality":"Hampton[m]"},{"Country":"USA","Region":" Virginia","Municipality":"Newport News[m]"},{"Country":"USA","Region":" Virginia","Municipality":"Norfolk[m]"},{"Country":"USA","Region":" Virginia","Municipality":"Richmond[m]"},{"Country":"USA","Region":" Virginia","Municipality":"Virginia Beach[m]"},{"Country":"USA","Region":" Washington","Municipality":"Bellevue"},{"Country":"USA","Region":" Washington","Municipality":"Everett"},{"Country":"USA","Region":" Washington","Municipality":"Kent"},{"Country":"USA","Region":" Washington","Municipality":"Renton"},{"Country":"USA","Region":" Washington","Municipality":"Seattle"},{"Country":"USA","Region":" Washington","Municipality":"Spokane"},{"Country":"USA","Region":" Washington","Municipality":"Tacoma"},{"Country":"USA","Region":" Washington","Municipality":"Vancouver"},{"Country":"USA","Region":" Wisconsin","Municipality":"Green Bay"},{"Country":"USA","Region":" Wisconsin","Municipality":"Kenosha"},{"Country":"USA","Region":" Wisconsin","Municipality":"Madison"},{"Country":"USA","Region":" Wisconsin","Municipality":"Milwaukee"}]